{
    "test_metrics": {
        "confusion_matrix": [
            [
                71,
                1
            ],
            [
                3,
                39
            ]
        ],
        "classification_report": {
            "0": {
                "precision": 0.9594594594594594,
                "recall": 0.9861111111111112,
                "f1-score": 0.9726027397260274,
                "support": 72.0
            },
            "1": {
                "precision": 0.975,
                "recall": 0.9285714285714286,
                "f1-score": 0.9512195121951219,
                "support": 42.0
            },
            "accuracy": 0.9649122807017544,
            "macro avg": {
                "precision": 0.9672297297297296,
                "recall": 0.9573412698412699,
                "f1-score": 0.9619111259605746,
                "support": 114.0
            },
            "weighted avg": {
                "precision": 0.9651849217638692,
                "recall": 0.9649122807017544,
                "f1-score": 0.9647247085304307,
                "support": 114.0
            }
        },
        "roc_auc": 0.996031746031746
    },
    "cross_val_auc_scores": [
        0.9984520123839009,
        1.0,
        0.9845201238390093,
        0.9989680082559339,
        0.9943240454076367
    ],
    "cross_val_auc_mean": 0.9952528379772962,
    "cross_val_auc_std": 0.005703096751144702
}